id_job,idle_energy_J,total_energy_J,idle_duration_sec,total_duration_sec,idle_pct_energy,idle_duration_min,total_duration_min
70053314562,1328.0184278350516,8020975.205969527,3,3898,0.01655682000920147,0.5,649.6666666666666
531177744168,2940.841054894394,7550285.899726674,6,3910,0.038950062208913894,1.0,651.6666666666666
611401690860,1329.3762505259838,15877128.119934037,3,7026,0.00837290119777346,0.5,1171.0
772032503727,3157.6433350422967,7713671.463813546,6,3572,0.04093567310787691,1.0,595.3333333333334
1173416277102,19613.598927892086,3950320.3489183597,49,1840,0.49650654112805054,8.166666666666666,306.6666666666667
2063739185347,1543.533819172888,4101109.931122411,3,2017,0.03763697743041104,0.5,336.1666666666667
2222822427142,98614.64407298632,7110878.952080012,226,3498,1.3868137080879492,37.666666666666664,583.0
2599719448057,5622.29776816573,3858760.46782178,12,1804,0.14570217081495718,2.0,300.6666666666667
2759986725115,2157.124914089347,7491374.832268677,4,3478,0.02879478016234954,0.6666666666666666,579.6666666666666
3124731017640,1931.0334979954182,3762516.8154567583,4,1768,0.05132292007473717,0.6666666666666666,294.6666666666667
3412131683628,8543.52651202749,15515593.55958763,22,7809,0.05506412938194134,3.6666666666666665,1301.5
3419101415399,19511.93132073694,7893378.547873014,50,3646,0.24719365988084682,8.333333333333334,607.6666666666666
4245408558597,329144.699970037,5925712.595933195,960,5144,5.5545167714669175,160.0,857.3333333333334
4479761871984,5496.798412454893,4008442.41964781,10,2000,0.13713053193708724,1.6666666666666667,333.3333333333333
5275403476309,6755.753714226429,4112168.662398738,12,2044,0.1642868828800815,2.0,340.6666666666667
5650105580220,2254.432857833656,4019696.9260049746,6,1994,0.056084647657112095,1.0,332.3333333333333
5753211269774,8098.925865934569,7672866.559793017,16,3636,0.10555280484576869,2.6666666666666665,606.0
5892990661811,93103.65200926561,7228587.525825139,219,3518,1.2879923176781054,36.5,586.3333333333334
6109602899976,4704.405805365096,15604676.44449149,11,7178,0.030147410118367236,1.8333333333333333,1196.3333333333333
6767042244938,1402.3336016834626,7978947.213423419,3,3544,0.017575421470695286,0.5,590.6666666666666
6816757623173,3711.2457904369708,8292662.851622626,8,4010,0.044753366401611164,1.3333333333333333,668.3333333333334
7614866123849,8000.526508724352,7746094.827348507,16,3636,0.10328464454730847,2.6666666666666665,606.0
8332818674743,14625.319601452084,15876605.352985939,29,7811,0.09211868202481632,4.833333333333333,1301.8333333333333
8986675716108,6702.507337097814,3789535.3999239528,16,1820,0.17686884089359128,2.6666666666666665,303.3333333333333
9042613205291,134555.60259700211,6242148.374071399,298,7058,2.15559763295468,49.666666666666664,1176.3333333333333
9347110911747,4338.782276629499,8246839.934833047,12,4096,0.05261145251896217,2.0,682.6666666666666
9363816195518,4688.153019903912,8204956.710384991,11,4100,0.05713805916818707,1.8333333333333333,683.3333333333334
9454414355533,2325.0890244146085,7726795.541882758,4,3540,0.030091245611606584,0.6666666666666666,590.0
9588192115571,8273.485298200398,15236693.728250282,23,7819,0.05429974143839728,3.8333333333333335,1303.1666666666667
9729018528767,5010.595290149633,8237560.205269021,12,4100,0.06082620539689272,2.0,683.3333333333334
9772653250751,4901.423751227295,15860316.49685311,9,7809,0.030903694464103536,1.5,1301.5
9976590120891,57408.35704776107,11693001.655068409,228,29060,0.49096338768477843,38.0,4843.333333333333
10217518336509,8673.768864460622,17663151.65328608,16,10156,0.0491065752857698,2.6666666666666665,1692.6666666666667
10297115157410,3526.3849902718816,15248022.49844657,7,7058,0.02312683491010812,1.1666666666666667,1176.3333333333333
10612452483078,8226.636582412293,7609171.909780589,15,3594,0.10811474205015706,2.5,599.0
11672169811194,1750.39456022633,7998431.473905269,4,3900,0.02188422274963484,0.6666666666666666,650.0
11701784246856,9203.120075537456,8116619.453603662,16,4136,0.11338612248787151,2.6666666666666665,689.3333333333334
11887426389368,15552.506793076484,8271500.705142195,38,4020,0.1880252126848984,6.333333333333333,670.0
12130330208549,1013.6463917525773,7376780.304450562,3,3508,0.013741040805309381,0.5,584.6666666666666
12131459904259,2353.1060609493597,15941456.071288902,4,7037,0.014760923032541444,0.6666666666666666,1172.8333333333333
12442586039040,3990.9305564648116,8059218.821742843,7,3982,0.04952006695360773,1.1666666666666667,663.6666666666666
12963784416485,10726.169247407954,15479768.131166877,20,7256,0.06929153690494849,3.3333333333333335,1209.3333333333333
14186682143931,14373.495234875723,15820477.39785394,38,8012,0.0908537389448532,6.333333333333333,1335.3333333333333
14282729278251,166124.10500134606,5603421.335141223,491,4588,2.964690589292608,81.83333333333333,764.6666666666666
14647082943833,3525.2478723404256,4042795.7914001374,8,2018,0.08719826709623467,1.3333333333333333,336.3333333333333
15686136331649,6650.602733928163,16472153.268522488,16,8200,0.040374823045370475,2.6666666666666665,1366.6666666666667
15720858631354,1855.176083530339,15436859.786859216,4,7136,0.012017833349173623,0.6666666666666666,1189.3333333333333
15877995115685,7709.750990020808,4074162.801194017,16,2068,0.18923522122781417,2.6666666666666665,344.6666666666667
16008623061291,325490.01785051,12444057.236301849,1210,30552,2.615626171350204,201.66666666666666,5092.0
16243287844930,4197.020569070558,4054320.7492631916,9,2056,0.10351969734593149,1.5,342.6666666666667
16288232228809,73477.22830113542,5599245.474002174,230,4686,1.3122701735849434,38.333333333333336,781.0
16775211574771,1791.1265494912118,4119019.6532676853,4,1996,0.043484292386667345,0.6666666666666666,332.6666666666667
17015674399102,7882.293897969796,3980447.297714174,16,1770,0.19802533003002729,2.6666666666666665,295.0
17825795509658,7161.984475720903,7672831.374626716,16,3636,0.09334213311926635,2.6666666666666665,606.0
17999004987470,4571.09493281075,16410385.292146064,8,8144,0.027854890981739808,1.3333333333333333,1357.3333333333333
18308236073276,14717.98839458414,3817937.307774432,31,1818,0.3854958111704462,5.166666666666667,303.0
18512102028367,3275.5336125429553,16450772.843561303,6,7792,0.01991112298304558,1.0,1298.6666666666667
19701860921697,5873.354043697094,16098143.67700519,12,7956,0.03648466656491999,2.0,1326.0
19841126289467,8410.29190389722,16038564.89207265,16,7771,0.05243793294781729,2.6666666666666665,1295.1666666666667
20592797437811,3458.5027171964475,15149221.649004506,6,7130,0.02282957367267588,1.0,1188.3333333333333
20837315505850,263123.5908906017,7525220.685500225,584,4040,3.4965564717270614,97.33333333333333,673.3333333333334
21243308854360,12171.664954849475,4014647.2678320664,23,2068,0.3031814289732669,3.8333333333333335,344.6666666666667
21385554594693,111839.58501382153,6251487.428073749,347,6738,1.7890075970013157,57.833333333333336,1123.0
21624292191664,10830.0412441089,4215267.238306385,20,2076,0.2569241908482226,3.3333333333333335,346.0
22072544389661,84515.20426813087,5866753.626858392,277,5912,1.4405787193996793,46.166666666666664,985.3333333333334
22388051329946,1450.3296928694158,15438343.717944589,3,7079,0.009394334776881804,0.5,1179.8333333333333
22747705886913,716.9729639175257,3773145.113696306,2,1767,0.01900199812922524,0.3333333333333333,294.5
23005343516226,4070.69207275223,15191068.237030495,8,7130,0.026796615019010386,1.3333333333333333,1188.3333333333333
23057558973783,3512.21277485447,7893000.065557998,8,3588,0.0444978176318585,1.3333333333333333,598.0
23180230772560,5649.969376445766,4052021.2476052972,12,2060,0.13943582797806994,2.0,343.3333333333333
23303481248643,7980.63460687867,3894959.7886448563,14,1822,0.20489645695816824,2.3333333333333335,303.6666666666667
23392498985676,2814.0843392178704,4031172.5904019037,6,1996,0.06980808377984404,1.0,332.6666666666667
23712233935086,106986.20401198283,5540648.737509683,308,4280,1.9309328037292108,51.333333333333336,713.3333333333334
24636145338445,1725.8722128803117,3838375.023162193,3,1768,0.044963616177829215,0.5,294.6666666666667
25927287186207,17683.622874688437,4132500.32816392,32,2022,0.4279158250556102,5.333333333333333,337.0
25941554536676,965.2721200406122,14536657.52186611,3,7014,0.0066402618248978165,0.5,1169.0
25948698565436,6009.6153073830765,4127981.997394651,12,2060,0.14558240106609005,2.0,343.3333333333333
25982291411224,86991.27161050648,7646119.69405007,203,3804,1.1377178894832094,33.833333333333336,634.0
26653683538259,3682.19589198036,16062446.429503083,6,7872,0.022924253214734455,1.0,1312.0
27226011639966,16458.820282483834,8008132.346854723,32,4008,0.20552632710856988,5.333333333333333,668.0
27924727138990,2132.1558529703348,15842605.463110952,6,7944,0.013458366162907975,1.0,1324.0
28319407288705,103848.8674834134,6536165.233632599,228,3652,1.5888347948893176,38.0,608.6666666666666
28616623128316,29462.963982415735,15611844.727240352,53,7120,0.188721861491533,8.833333333333334,1186.6666666666667
29358576358138,14605.455620817507,15238673.938743003,27,7098,0.09584466259681826,4.5,1183.0
29770494582122,3064.4756005490735,3935140.402225543,6,1800,0.07787461913216466,1.0,300.0
29829566191360,2176.998253217757,3913332.767530323,6,1796,0.055630287086258834,1.0,299.3333333333333
29891506037946,3888.6275082273023,3800499.017263146,8,1790,0.10231886630055283,1.3333333333333333,298.3333333333333
30017664911489,1775.8521732545814,16011720.372272687,4,7946,0.011090951702665282,0.6666666666666666,1324.3333333333333
30596442217487,5538.023958666972,3863429.6776992297,12,1824,0.14334475894912643,2.0,304.0
30927299534289,3039.9376671732525,4072559.806230431,7,1998,0.07464439595270239,1.1666666666666667,333.0
31091963887103,7723.748449711147,7599742.91425291,20,3624,0.10163170697821465,3.3333333333333335,604.0
31348775609478,2221.9954151505963,3792474.2777843755,5,1763,0.05858959751333427,0.8333333333333334,293.8333333333333
31738490646508,3200.0323953328757,8140678.1912197275,8,3978,0.03930916221186986,1.3333333333333333,663.0
31810002298333,7564.529603231868,4143899.532279276,16,2080,0.18254616320466482,2.6666666666666665,346.6666666666667
32153928008072,1400.294780927835,3775763.814565339,4,1764,0.03708639760585859,0.6666666666666666,294.0
32264567735137,7992.668318368252,8115668.708813192,15,3597,0.09848440843437377,2.5,599.5
33309805818215,1593.4860733263333,7318654.57881313,3,3550,0.021772937309260876,0.5,591.6666666666666
33352820358490,69070.44904928951,6739757.774433876,231,8500,1.0248209410625482,38.5,1416.6666666666667
34709806412980,2499.784621993127,4124497.6283612545,5,1960,0.060608220618285136,0.8333333333333334,326.6666666666667
35154101197518,8488.137581914423,16287127.391045168,17,8228,0.05211562099392242,2.8333333333333335,1371.3333333333333
35228693326474,7469.915940288263,3868198.308360787,16,1832,0.19311098720411168,2.6666666666666665,305.3333333333333
36440233808457,5798.586384223985,15532131.750164608,12,7248,0.03733284315053877,2.0,1208.0
36630430991892,3975.705595177703,8021522.860298977,8,4018,0.04956297780879877,1.3333333333333333,669.6666666666666
37280196349358,6970.269439126299,4088274.484916134,16,2076,0.17049416483270413,2.6666666666666665,346.0
37445103896302,158712.2116132402,6113407.839565234,504,6304,2.59613321699354,84.0,1050.6666666666667
37611634321396,153863.1661401021,12305408.164321817,586,30336,1.2503702769178475,97.66666666666667,5056.0
38512807296879,20637.144638724978,15226089.636676362,50,7174,0.13553804772707073,8.333333333333334,1195.6666666666667
38602675650074,19799.50633124699,3979065.00957078,48,1842,0.49759192884819825,8.0,307.0
38984646323185,1780.728737113402,7972355.986778846,3,3799,0.022336292308904892,0.5,633.1666666666666
39253819822494,1385.0527614138439,4048046.6527020074,4,1951,0.034215335944543596,0.6666666666666666,325.1666666666667
39638343415869,117734.40164424623,16738748.119493013,243,8508,0.7033644380318939,40.5,1418.0
40790250925951,8778.72928186454,8401853.25053517,16,4132,0.10448562977823214,2.6666666666666665,688.6666666666666
41031149357497,1970.9614336090467,16441967.132369375,4,7971,0.01198738215288611,0.6666666666666666,1328.5
41474934034878,16898.4570120259,4175418.9637038587,38,2038,0.4047128481937034,6.333333333333333,339.6666666666667
41680801223685,1429.4707591377696,7772842.470447712,3,3526,0.01839057930959757,0.5,587.6666666666666
42267913921260,1830.3048303622772,3792136.0945961634,4,1788,0.04826580019030652,0.6666666666666666,298.0
43663093839776,106816.45600047048,8456494.860233257,395,15828,1.2631292014706452,65.83333333333333,2638.0
44895165754023,14830.869685561252,15898808.309433542,38,7986,0.09328290144086693,6.333333333333333,1331.0
45085383101641,7097.491660274268,15362182.071610924,16,7240,0.046201064583073284,2.6666666666666665,1206.6666666666667
45293811679196,328971.8853475978,6308509.7414279,1020,6904,5.214732144855762,170.0,1150.6666666666667
45402284997495,2355.162165206508,15325904.14633884,5,7144,0.015367198846595459,0.8333333333333334,1190.6666666666667
45855550040191,6581.312624876077,3861633.7422996135,15,1832,0.1704281934556768,2.5,305.3333333333333
46733723803380,1091.605240549828,15895520.601470439,3,7015,0.006867376463585895,0.5,1169.1666666666667
46836613236395,8960.133115380428,3931630.5271123736,21,1795,0.22789865562370862,3.5,299.1666666666667
47901710600990,9398.3551756212,4051074.5468395734,25,1975,0.23199659909870782,4.166666666666667,329.1666666666667
48715765064171,5096.235492012522,7690395.012358982,13,3632,0.06626753871319391,2.1666666666666665,605.3333333333334
49355659834404,6082.575224620952,8179808.825938417,12,4088,0.07436084820629213,2.0,681.3333333333334
49554688839358,9919.637824312715,8055142.94961555,26,3825,0.12314663918889424,4.333333333333333,637.5
49678039521635,1336.192063027179,7796096.014001998,3,3531,0.017139245856225248,0.5,588.5
49745290522560,10527.130486008837,7834545.715847839,25,3536,0.13436810336959804,4.166666666666667,589.3333333333334
49987772317700,17445.287060490395,15205908.284882499,34,7150,0.11472703066237915,5.666666666666667,1191.6666666666667
50025213645758,2719.223888214279,7973434.683288792,6,3958,0.034103545037038975,1.0,659.6666666666666
50065568354105,7178.87314218213,15554264.713344561,15,7020,0.04615372873282218,2.5,1170.0
50071244191685,2392.6467970716085,7418261.954391142,7,3572,0.03225346869363804,1.1666666666666667,595.3333333333334
50319533969777,101489.9825646902,5616608.166665251,280,4218,1.8069621300456116,46.666666666666664,703.0
50528516710837,5052.06885713299,15548181.270374864,12,7176,0.03249298917526182,2.0,1196.0
51043793070789,2984.91722145962,7870041.9695459325,6,3960,0.03792758962417372,1.0,660.0
52840030343649,1292.600225515464,4030291.3300302764,3,1949,0.032072128778485934,0.5,324.8333333333333
53232939796581,2718.6179659147515,3824180.1877628383,8,1796,0.07109021626685312,1.3333333333333333,299.3333333333333
53512654935447,10476.668361008557,15889431.416071234,26,7037,0.06593482225180203,4.333333333333333,1172.8333333333333
53606254826829,1312.586414338765,3734766.507029827,3,1753,0.035145072974927,0.5,292.1666666666667
53863407622556,2460.913829787234,3779595.719200603,6,1964,0.06511050420778139,1.0,327.3333333333333
54233701240846,7560.106659521673,16662637.27178644,16,10060,0.04537160916491064,2.6666666666666665,1676.6666666666667
54599849969130,10047.795367486171,15402078.811061835,21,7259,0.06523661832109184,3.5,1209.8333333333333
55530827477617,1012.5424153166422,15566615.612634668,3,7542,0.0065045764635879525,0.5,1257.0
55640367274726,93007.90356635877,5962885.469315403,260,3836,1.5597801441092745,43.333333333333336,639.3333333333334
55715457781581,5602.397798539519,4096946.9944365923,13,1962,0.13674567442896474,2.1666666666666665,327.0
55796756251491,28759.060853351635,16222603.62496214,57,8122,0.1772777139737257,9.5,1353.6666666666667
57650296217480,1661.6337843642611,8167095.853630208,4,3905,0.02034546690946058,0.6666666666666666,650.8333333333334
57956674462928,4825.962108485582,8029053.115427325,12,4120,0.06010624215715794,2.0,686.6666666666666
58433114066894,1653.7924291237114,8176200.290490101,3,3922,0.020226907002844213,0.5,653.6666666666666
58575412272137,8918.781718285289,8196565.94121268,16,4112,0.10881119949808829,2.6666666666666665,685.3333333333334
58621497011714,15064.049359072858,4054014.164630178,38,2028,0.37158354034628926,6.333333333333333,338.0
58743695939281,7895.669723175475,16064017.818459509,16,8196,0.04915127592863096,2.6666666666666665,1366.0
58887925703090,1059.3287319478882,4105310.6768814414,3,1950,0.025803862735976825,0.5,325.0
59428617181294,10278.20404947333,8030870.722737013,26,3593,0.127983682023092,4.333333333333333,598.8333333333334
59783520242669,4764.900372340426,15442629.343381187,12,7248,0.03085549919245257,2.0,1208.0
59998211023279,1049.4754065414825,16051633.921896543,3,7840,0.0065381219858861835,0.5,1306.6666666666667
60281059510701,108291.566107453,8342312.373699893,409,16158,1.2981001100948308,68.16666666666667,2693.0
60593168283883,5684.024506346689,16322904.437242746,12,8160,0.03482238426500787,2.0,1360.0
61142245450611,5019.651036163296,7563586.265506536,10,3572,0.06636601818181456,1.6666666666666667,595.3333333333334
61330628283480,392011.0389734817,8948437.557473443,1431,17512,4.380776380856419,238.5,2918.6666666666665
62007486250006,55863.48043903771,8261146.156614862,215,15316,0.6762194903706761,35.833333333333336,2552.6666666666665
62504647031457,8340.398650486826,8069556.514259662,22,3969,0.1033563447476768,3.6666666666666665,661.5
62954215765614,3993.7529218550835,4112077.336346701,8,2006,0.09712251485530814,1.3333333333333333,334.3333333333333
63071045446593,70319.51476866762,5937224.540921921,230,5884,1.1843836170250106,38.333333333333336,980.6666666666666
64026578427148,8791.551690325929,4122856.2373915385,19,2068,0.21323934631997243,3.1666666666666665,344.6666666666667
64451654751838,21988.97321068847,16379854.310981227,46,7849,0.13424400970371778,7.666666666666667,1308.1666666666667
65070338338114,5243.61911461908,15842246.409493418,9,7946,0.03309896197219138,1.5,1324.3333333333333
66048555673701,96919.37879512462,8331123.504966196,362,15456,1.1633410396250976,60.333333333333336,2576.0
66119856206673,2121.226195378632,4090026.2404759675,6,1998,0.05186338841512613,1.0,333.0
66358237469570,4276.759008236102,3923593.4179736744,8,1826,0.10900107510234379,1.3333333333333333,304.3333333333333
66358941620052,5609.276018548827,4047565.083007972,12,2056,0.1385839610608623,2.0,342.6666666666667
66402078859876,2736.777474413027,8014083.696046495,7,3944,0.03414959935797941,1.1666666666666667,657.3333333333334
67739519397197,40467.34076691546,8719595.022639785,100,5188,0.4640965625335236,16.666666666666668,864.6666666666666
68022519158922,9057.102859290624,3830979.7411861806,23,1822,0.23641740419348412,3.8333333333333335,303.6666666666667
68245449095645,3004.713831458104,15307566.900881859,6,7170,0.019628944631853964,1.0,1195.0
68647661707143,7075.601635781286,15035831.4955159,14,7050,0.04705826636785219,2.3333333333333335,1175.0
68691726857641,5249.439132921528,7761167.780028714,12,3632,0.0676372329745216,2.0,605.3333333333334
68784671471373,1374.622026536846,4022161.368919153,3,1786,0.03417620280377359,0.5,297.6666666666667
69447973367597,11821.951930908259,7611916.202948028,22,3636,0.15530848758331997,3.6666666666666665,606.0
69610423824556,42013.21442532073,16486441.689583933,108,8288,0.2548349438670232,18.0,1381.3333333333333
70158740633382,3606.006414150712,3862844.8931136196,9,1966,0.09335105379403716,1.5,327.6666666666667
70770082151215,15970.09581041657,16296446.205768429,32,7992,0.09799741372302176,5.333333333333333,1332.0
70911837212537,8707.346888583848,3892379.832107451,18,1804,0.2237023945288872,3.0,300.6666666666667
72022131721836,7129.2399613223915,8129241.5182555,16,4160,0.08769871020946485,2.6666666666666665,693.3333333333334
72356763042544,13803.432181001577,15098807.695173109,24,7252,0.09142067678240814,4.0,1208.6666666666667
72961028064979,1283.7709938108028,4043450.4983709976,4,1890,0.03174939310690217,0.6666666666666666,315.0
73093598781980,7813.242743841989,16722326.336097766,16,8336,0.04672341985681668,2.6666666666666665,1389.3333333333333
73628814348226,1882.4461246200608,16493757.714455929,4,7980,0.011413082192726728,0.6666666666666666,1330.0
73724961670232,14992.818725692061,7819378.788606727,28,3594,0.19173925616108325,4.666666666666667,599.0
73863839880643,1371.2867353951888,7847027.506271455,3,3497,0.017475238035029657,0.5,582.8333333333334
73949002407307,59525.62203338744,8271808.109815096,227,15230,0.719620441421459,37.833333333333336,2538.3333333333335
74012495208562,2273.286125429553,7895917.543536757,4,3809,0.0287906517880289,0.6666666666666666,634.8333333333334
74176342429884,5875.956320042744,15406301.628979145,12,7240,0.038139953777031804,2.0,1206.6666666666667
74588619677508,2000.728599812997,16192648.626018923,4,7950,0.012355783454710154,0.6666666666666666,1325.0
74679037118572,4062.4031800503317,4038861.8678506063,8,1994,0.10058286995123836,1.3333333333333333,332.3333333333333
75819090570454,3178.883337020976,3887311.4790939083,8,1820,0.08177588428704818,1.3333333333333333,303.3333333333333
75828437824351,3866.3432080230855,7700386.383175993,10,3628,0.05020972994901105,1.6666666666666667,604.6666666666666
75894425702902,98731.9707164088,5653939.692945511,228,4046,1.7462508636163536,38.0,674.3333333333334
76236792670103,164552.41143532735,16717677.059849028,332,8532,0.9843018910236885,55.333333333333336,1422.0
76524255503726,82997.53154230224,5852361.372576445,269,5918,1.4181887661828267,44.833333333333336,986.3333333333334
77071588020014,38774.862549948055,15924804.644409882,65,7636,0.24348721014646343,10.833333333333334,1272.6666666666667
77145241434456,4558.109064399947,3865024.8109007403,9,1775,0.11793220709850202,1.5,295.8333333333333
77222400365329,150541.10523594223,15869560.829335313,319,7632,0.9486154459779562,53.166666666666664,1272.0
77698535574997,2941.7033083664073,8091770.688772479,6,3988,0.03635425942616107,1.0,664.6666666666666
79153689358323,3347.527011827782,7667060.279028717,10,3580,0.04366115421035734,1.6666666666666667,596.6666666666666
80028654437123,19603.928151452757,7740992.2695942,46,3614,0.2532482589920018,7.666666666666667,602.3333333333334
80384695883841,9479.523243712902,7639651.868703714,26,3906,0.12408318345691026,4.333333333333333,651.0
80566435996391,6359.938741488055,16619517.633514233,13,8216,0.038267890090040065,2.1666666666666665,1369.3333333333333
80873534651966,16474.345183159057,8182665.805386774,40,4004,0.2013322500879083,6.666666666666667,667.3333333333334
81408287863507,8123.897244753644,3990347.7203548625,18,1840,0.2035887048969052,3.0,306.6666666666667
81798055158941,11924.309019675131,8213001.010897598,24,4572,0.14518820835225887,4.0,762.0
82397825020533,81702.11355173081,5545270.836978491,235,4174,1.4733656110518973,39.166666666666664,695.6666666666666
82412012516277,132225.7497088411,8675803.53571924,497,16628,1.524074965096352,82.83333333333333,2771.3333333333335
82477479783409,6813.887021861519,8042279.668885243,17,3913,0.08472581534591182,2.8333333333333335,652.1666666666666
83096989064089,11543.33000811037,3898259.3826003573,20,1844,0.2961149804354558,3.3333333333333335,307.3333333333333
83134202733009,8271.538887430226,3855874.8594906507,17,1832,0.2145178251070853,2.8333333333333335,305.3333333333333
83417139332506,6362.973599372487,8032668.1340203285,12,4052,0.07921369952312267,2.0,675.3333333333334
85553143930711,7754.586451378923,15275337.899178492,16,7228,0.050765400428857056,2.6666666666666665,1204.6666666666667
85792424748520,18820.92694411514,15355786.432048839,48,7178,0.12256569878332157,8.0,1196.3333333333333
85887143519724,2806.558179281479,7744403.764248207,6,3594,0.03623982251852448,1.0,599.0
85943381391691,5728.236844298461,3883952.561732755,16,1832,0.1474847273042622,2.6666666666666665,305.3333333333333
86075318751947,8251.14846768218,16131087.58683155,12,7978,0.05115060235875182,2.0,1329.6666666666667
86329476612531,11596.182566420975,16313555.529684814,24,8204,0.0710831096588361,4.0,1367.3333333333333
86500768376626,1019.1604907797299,3886861.9280211553,3,1947,0.026220650737099782,0.5,324.5
87910236503621,10488.004853649389,15548650.001083689,25,7123,0.06745283257979574,4.166666666666667,1187.1666666666667
88305723956819,76717.16164570379,15533322.21501816,150,7372,0.4938876602426424,25.0,1228.6666666666667
88564338952222,11093.993087669165,8146703.746844249,20,4108,0.13617769140023772,3.3333333333333335,684.6666666666666
88636134708953,983.7971940967109,7719513.566331149,3,3879,0.012744289982047144,0.5,646.5
89087268150764,3139.510677381225,7946372.376394608,7,3968,0.03950872836902805,1.1666666666666667,661.3333333333334
89181637392039,3623.4999014483574,15706141.546553543,8,7200,0.023070592422131046,1.3333333333333333,1200.0
89292243557115,1953.746323024055,15129474.557249727,4,7086,0.012913510747720323,0.6666666666666666,1181.0
89737677546333,2192.254870785734,8030144.274183823,5,3565,0.027300317353371004,0.8333333333333334,594.1666666666666
89787814494717,475307.10492471646,7695014.736846195,1040,4584,6.176818644008488,173.33333333333334,764.0
90387577631934,5286.009097758945,8212746.350644316,12,4116,0.06436347686963742,2.0,686.0
90745352375672,7613.673577920593,3813352.132888251,14,1828,0.19965828784224973,2.3333333333333335,304.6666666666667
90923892599536,2784.4341101994432,3857424.6214169003,5,1745,0.07218375946324186,0.8333333333333334,290.8333333333333
90993771451923,1375.3167310996562,3947734.351239812,3,1949,0.034838127612809834,0.5,324.8333333333333
91230464129099,18870.21994446871,7905843.765218603,48,3616,0.23868698275429343,8.0,602.6666666666666
91261007510318,2530.6266160593796,8331226.481630753,5,3861,0.030375198917459212,0.8333333333333334,643.5
91522851123070,4990.647067168566,15740687.017573012,9,7745,0.031705395460801505,1.5,1290.8333333333333
92093132796191,1898.8458450484225,3981857.3753886335,5,1946,0.04768743995666327,0.8333333333333334,324.3333333333333
