id_job,total_energy_J,idle_energy_J,idle_energy_saving_J,idle_duration_steps,total_steps,idle_pct_energy,idle_duration_min,total_duration_min,potential_saving_J,potential_saving_pct
70053314562,8020975.205969527,1328.0184278350516,664.0092139175258,3,3898,0.01655682000920147,0.5,649.6666666666666,664.0092139175258,0.008278410004600735
531177744168,7550285.899726674,2940.841054894394,1470.420527447197,6,3910,0.038950062208913894,1.0,651.6666666666666,1470.420527447197,0.019475031104456947
611401690860,15877128.119934037,1329.3762505259838,664.6881252629919,3,7026,0.00837290119777346,0.5,1171.0,664.6881252629919,0.00418645059888673
772032503727,7713671.463813546,3157.6433350422967,1578.8216675211484,6,3572,0.04093567310787691,1.0,595.3333333333334,1578.8216675211484,0.020467836553938454
1173416277102,3950320.3489183597,19613.598927892086,9806.799463946043,49,1840,0.49650654112805054,8.166666666666666,306.6666666666667,9806.799463946043,0.24825327056402527
2063739185347,4101109.931122411,1543.533819172888,771.766909586444,3,2017,0.03763697743041104,0.5,336.1666666666667,771.766909586444,0.01881848871520552
2222822427142,7110878.952080012,98614.64407298632,49307.32203649316,226,3498,1.3868137080879492,37.666666666666664,583.0,49307.32203649316,0.6934068540439746
2599719448057,3858760.46782178,5622.29776816573,2811.148884082865,12,1804,0.14570217081495718,2.0,300.6666666666667,2811.148884082865,0.07285108540747859
2759986725115,7491374.832268677,2157.124914089347,1078.5624570446735,4,3478,0.02879478016234954,0.6666666666666666,579.6666666666666,1078.5624570446735,0.01439739008117477
3124731017640,3762516.8154567583,1931.0334979954182,965.5167489977091,4,1768,0.05132292007473717,0.6666666666666666,294.6666666666667,965.5167489977091,0.025661460037368584
3412131683628,15515593.55958763,8543.52651202749,4271.763256013745,22,7809,0.05506412938194134,3.6666666666666665,1301.5,4271.763256013745,0.02753206469097067
3419101415399,7893378.547873014,19511.93132073694,9755.96566036847,50,3646,0.24719365988084682,8.333333333333334,607.6666666666666,9755.96566036847,0.12359682994042341
4245408558597,5925712.595933195,329144.699970037,164572.3499850185,960,5144,5.5545167714669175,160.0,857.3333333333334,164572.3499850185,2.7772583857334587
4479761871984,4008442.41964781,5496.798412454893,2748.3992062274465,10,2000,0.13713053193708724,1.6666666666666667,333.3333333333333,2748.3992062274465,0.06856526596854362
5275403476309,4112168.662398738,6755.753714226429,3377.8768571132146,12,2044,0.1642868828800815,2.0,340.6666666666667,3377.8768571132146,0.08214344144004075
5650105580220,4019696.9260049746,2254.432857833656,1127.216428916828,6,1994,0.056084647657112095,1.0,332.3333333333333,1127.216428916828,0.028042323828556048
5753211269774,7672866.559793017,8098.925865934569,4049.4629329672844,16,3636,0.10555280484576869,2.6666666666666665,606.0,4049.4629329672844,0.052776402422884346
5892990661811,7228587.525825139,93103.65200926561,46551.82600463281,219,3518,1.2879923176781054,36.5,586.3333333333334,46551.82600463281,0.6439961588390527
6109602899976,15604676.44449149,4704.405805365096,2352.202902682548,11,7178,0.030147410118367236,1.8333333333333333,1196.3333333333333,2352.202902682548,0.015073705059183618
6767042244938,7978947.213423419,1402.3336016834626,701.1668008417313,3,3544,0.017575421470695286,0.5,590.6666666666666,701.1668008417313,0.008787710735347643
6816757623173,8292662.851622626,3711.2457904369708,1855.6228952184854,8,4010,0.044753366401611164,1.3333333333333333,668.3333333333334,1855.6228952184854,0.022376683200805582
7614866123849,7746094.827348507,8000.526508724352,4000.263254362176,16,3636,0.10328464454730847,2.6666666666666665,606.0,4000.263254362176,0.051642322273654236
8332818674743,15876605.352985939,14625.319601452084,7312.659800726042,29,7811,0.09211868202481632,4.833333333333333,1301.8333333333333,7312.659800726042,0.04605934101240816
8986675716108,3789535.3999239528,6702.507337097814,3351.253668548907,16,1820,0.17686884089359128,2.6666666666666665,303.3333333333333,3351.253668548907,0.08843442044679564
9042613205291,6242148.374071399,134555.60259700211,67277.80129850106,298,7058,2.15559763295468,49.666666666666664,1176.3333333333333,67277.80129850106,1.07779881647734
9347110911747,8246839.934833047,4338.782276629499,2169.3911383147497,12,4096,0.05261145251896217,2.0,682.6666666666666,2169.3911383147497,0.026305726259481084
9363816195518,8204956.710384991,4688.153019903912,2344.076509951956,11,4100,0.05713805916818707,1.8333333333333333,683.3333333333334,2344.076509951956,0.028569029584093537
9454414355533,7726795.541882758,2325.0890244146085,1162.5445122073043,4,3540,0.030091245611606584,0.6666666666666666,590.0,1162.5445122073043,0.015045622805803292
9588192115571,15236693.728250282,8273.485298200398,4136.742649100199,23,7819,0.05429974143839728,3.8333333333333335,1303.1666666666667,4136.742649100199,0.02714987071919864
9729018528767,8237560.205269021,5010.595290149633,2505.2976450748165,12,4100,0.06082620539689272,2.0,683.3333333333334,2505.2976450748165,0.03041310269844636
9772653250751,15860316.49685311,4901.423751227295,2450.7118756136474,9,7809,0.030903694464103536,1.5,1301.5,2450.7118756136474,0.015451847232051768
9976590120891,11693001.655068409,57408.35704776107,28704.178523880535,228,29060,0.49096338768477843,38.0,4843.333333333333,28704.178523880535,0.24548169384238921
10217518336509,17663151.65328608,8673.768864460622,4336.884432230311,16,10156,0.0491065752857698,2.6666666666666665,1692.6666666666667,4336.884432230311,0.0245532876428849
10297115157410,15248022.49844657,3526.3849902718816,1763.1924951359408,7,7058,0.02312683491010812,1.1666666666666667,1176.3333333333333,1763.1924951359408,0.01156341745505406
10612452483078,7609171.909780589,8226.636582412293,4113.318291206147,15,3594,0.10811474205015706,2.5,599.0,4113.318291206147,0.05405737102507853
11672169811194,7998431.473905269,1750.39456022633,875.197280113165,4,3900,0.02188422274963484,0.6666666666666666,650.0,875.197280113165,0.01094211137481742
11701784246856,8116619.453603662,9203.120075537456,4601.560037768728,16,4136,0.11338612248787151,2.6666666666666665,689.3333333333334,4601.560037768728,0.056693061243935756
11887426389368,8271500.705142195,15552.506793076484,7776.253396538242,38,4020,0.1880252126848984,6.333333333333333,670.0,7776.253396538242,0.0940126063424492
12130330208549,7376780.304450562,1013.6463917525773,506.82319587628865,3,3508,0.013741040805309381,0.5,584.6666666666666,506.82319587628865,0.006870520402654691
12131459904259,15941456.071288902,2353.1060609493597,1176.5530304746799,4,7037,0.014760923032541444,0.6666666666666666,1172.8333333333333,1176.5530304746799,0.007380461516270722
12442586039040,8059218.821742843,3990.9305564648116,1995.4652782324058,7,3982,0.04952006695360773,1.1666666666666667,663.6666666666666,1995.4652782324058,0.024760033476803864
12963784416485,15479768.131166877,10726.169247407954,5363.084623703977,20,7256,0.06929153690494849,3.3333333333333335,1209.3333333333333,5363.084623703977,0.034645768452474246
14186682143931,15820477.39785394,14373.495234875723,7186.747617437862,38,8012,0.0908537389448532,6.333333333333333,1335.3333333333333,7186.747617437862,0.0454268694724266
14282729278251,5603421.335141223,166124.10500134606,83062.05250067303,491,4588,2.964690589292608,81.83333333333333,764.6666666666666,83062.05250067303,1.482345294646304
14647082943833,4042795.7914001374,3525.2478723404256,1762.6239361702128,8,2018,0.08719826709623467,1.3333333333333333,336.3333333333333,1762.6239361702128,0.043599133548117334
15686136331649,16472153.268522488,6650.602733928163,3325.3013669640814,16,8200,0.040374823045370475,2.6666666666666665,1366.6666666666667,3325.3013669640814,0.020187411522685238
15720858631354,15436859.786859216,1855.176083530339,927.5880417651695,4,7136,0.012017833349173623,0.6666666666666666,1189.3333333333333,927.5880417651695,0.006008916674586811
15877995115685,4074162.801194017,7709.750990020808,3854.875495010404,16,2068,0.18923522122781417,2.6666666666666665,344.6666666666667,3854.875495010404,0.09461761061390708
16008623061291,12444057.236301849,325490.01785051,162745.008925255,1210,30552,2.615626171350204,201.66666666666666,5092.0,162745.008925255,1.307813085675102
16243287844930,4054320.7492631916,4197.020569070558,2098.510284535279,9,2056,0.10351969734593149,1.5,342.6666666666667,2098.510284535279,0.05175984867296574
16288232228809,5599245.474002174,73477.22830113542,36738.61415056771,230,4686,1.3122701735849434,38.333333333333336,781.0,36738.61415056771,0.6561350867924717
16775211574771,4119019.6532676853,1791.1265494912118,895.5632747456059,4,1996,0.043484292386667345,0.6666666666666666,332.6666666666667,895.5632747456059,0.021742146193333672
17015674399102,3980447.297714174,7882.293897969796,3941.146948984898,16,1770,0.19802533003002729,2.6666666666666665,295.0,3941.146948984898,0.09901266501501364
17825795509658,7672831.374626716,7161.984475720903,3580.9922378604515,16,3636,0.09334213311926635,2.6666666666666665,606.0,3580.9922378604515,0.04667106655963318
17999004987470,16410385.292146064,4571.09493281075,2285.547466405375,8,8144,0.027854890981739808,1.3333333333333333,1357.3333333333333,2285.547466405375,0.013927445490869904
18308236073276,3817937.307774432,14717.98839458414,7358.99419729207,31,1818,0.3854958111704462,5.166666666666667,303.0,7358.99419729207,0.1927479055852231
18512102028367,16450772.843561303,3275.5336125429553,1637.7668062714777,6,7792,0.01991112298304558,1.0,1298.6666666666667,1637.7668062714777,0.00995556149152279
19701860921697,16098143.67700519,5873.354043697094,2936.677021848547,12,7956,0.03648466656491999,2.0,1326.0,2936.677021848547,0.018242333282459996
19841126289467,16038564.89207265,8410.29190389722,4205.14595194861,16,7771,0.05243793294781729,2.6666666666666665,1295.1666666666667,4205.14595194861,0.026218966473908645
20592797437811,15149221.649004506,3458.5027171964475,1729.2513585982238,6,7130,0.02282957367267588,1.0,1188.3333333333333,1729.2513585982238,0.01141478683633794
20837315505850,7525220.685500225,263123.5908906017,131561.79544530084,584,4040,3.4965564717270614,97.33333333333333,673.3333333333334,131561.79544530084,1.7482782358635307
21243308854360,4014647.2678320664,12171.664954849475,6085.832477424738,23,2068,0.3031814289732669,3.8333333333333335,344.6666666666667,6085.832477424738,0.15159071448663344
21385554594693,6251487.428073749,111839.58501382153,55919.792506910766,347,6738,1.7890075970013157,57.833333333333336,1123.0,55919.792506910766,0.8945037985006579
21624292191664,4215267.238306385,10830.0412441089,5415.02062205445,20,2076,0.2569241908482226,3.3333333333333335,346.0,5415.02062205445,0.1284620954241113
22072544389661,5866753.626858392,84515.20426813087,42257.60213406543,277,5912,1.4405787193996793,46.166666666666664,985.3333333333334,42257.60213406543,0.7202893596998396
22388051329946,15438343.717944589,1450.3296928694158,725.1648464347079,3,7079,0.009394334776881804,0.5,1179.8333333333333,725.1648464347079,0.004697167388440902
22747705886913,3773145.113696306,716.9729639175257,358.48648195876285,2,1767,0.01900199812922524,0.3333333333333333,294.5,358.48648195876285,0.00950099906461262
23005343516226,15191068.237030495,4070.69207275223,2035.346036376115,8,7130,0.026796615019010386,1.3333333333333333,1188.3333333333333,2035.346036376115,0.013398307509505193
23057558973783,7893000.065557998,3512.21277485447,1756.106387427235,8,3588,0.0444978176318585,1.3333333333333333,598.0,1756.106387427235,0.02224890881592925
23180230772560,4052021.2476052972,5649.969376445766,2824.984688222883,12,2060,0.13943582797806994,2.0,343.3333333333333,2824.984688222883,0.06971791398903497
23303481248643,3894959.7886448563,7980.63460687867,3990.317303439335,14,1822,0.20489645695816824,2.3333333333333335,303.6666666666667,3990.317303439335,0.10244822847908412
23392498985676,4031172.5904019037,2814.0843392178704,1407.0421696089352,6,1996,0.06980808377984404,1.0,332.6666666666667,1407.0421696089352,0.03490404188992202
23712233935086,5540648.737509683,106986.20401198283,53493.102005991415,308,4280,1.9309328037292108,51.333333333333336,713.3333333333334,53493.102005991415,0.9654664018646054
24636145338445,3838375.023162193,1725.8722128803117,862.9361064401559,3,1768,0.044963616177829215,0.5,294.6666666666667,862.9361064401559,0.022481808088914607
25927287186207,4132500.32816392,17683.622874688437,8841.811437344219,32,2022,0.4279158250556102,5.333333333333333,337.0,8841.811437344219,0.2139579125278051
25941554536676,14536657.52186611,965.2721200406122,482.6360600203061,3,7014,0.0066402618248978165,0.5,1169.0,482.6360600203061,0.0033201309124489082
25948698565436,4127981.997394651,6009.6153073830765,3004.8076536915382,12,2060,0.14558240106609005,2.0,343.3333333333333,3004.8076536915382,0.07279120053304503
25982291411224,7646119.69405007,86991.27161050648,43495.63580525324,203,3804,1.1377178894832094,33.833333333333336,634.0,43495.63580525324,0.5688589447416047
26653683538259,16062446.429503083,3682.19589198036,1841.09794599018,6,7872,0.022924253214734455,1.0,1312.0,1841.09794599018,0.011462126607367227
27226011639966,8008132.346854723,16458.820282483834,8229.410141241917,32,4008,0.20552632710856988,5.333333333333333,668.0,8229.410141241917,0.10276316355428494
27924727138990,15842605.463110952,2132.1558529703348,1066.0779264851674,6,7944,0.013458366162907975,1.0,1324.0,1066.0779264851674,0.006729183081453987
28319407288705,6536165.233632599,103848.8674834134,51924.4337417067,228,3652,1.5888347948893176,38.0,608.6666666666666,51924.4337417067,0.7944173974446588
28616623128316,15611844.727240352,29462.963982415735,14731.481991207867,53,7120,0.188721861491533,8.833333333333334,1186.6666666666667,14731.481991207867,0.0943609307457665
29358576358138,15238673.938743003,14605.455620817507,7302.727810408754,27,7098,0.09584466259681826,4.5,1183.0,7302.727810408754,0.04792233129840913
29770494582122,3935140.402225543,3064.4756005490735,1532.2378002745368,6,1800,0.07787461913216466,1.0,300.0,1532.2378002745368,0.03893730956608233
29829566191360,3913332.767530323,2176.998253217757,1088.4991266088784,6,1796,0.055630287086258834,1.0,299.3333333333333,1088.4991266088784,0.027815143543129417
29891506037946,3800499.017263146,3888.6275082273023,1944.3137541136512,8,1790,0.10231886630055283,1.3333333333333333,298.3333333333333,1944.3137541136512,0.051159433150276414
30017664911489,16011720.372272687,1775.8521732545814,887.9260866272907,4,7946,0.011090951702665282,0.6666666666666666,1324.3333333333333,887.9260866272907,0.005545475851332641
30596442217487,3863429.6776992297,5538.023958666972,2769.011979333486,12,1824,0.14334475894912643,2.0,304.0,2769.011979333486,0.07167237947456322
30927299534289,4072559.806230431,3039.9376671732525,1519.9688335866263,7,1998,0.07464439595270239,1.1666666666666667,333.0,1519.9688335866263,0.037322197976351196
31091963887103,7599742.91425291,7723.748449711147,3861.8742248555736,20,3624,0.10163170697821465,3.3333333333333335,604.0,3861.8742248555736,0.050815853489107325
31348775609478,3792474.2777843755,2221.9954151505963,1110.9977075752981,5,1763,0.05858959751333427,0.8333333333333334,293.8333333333333,1110.9977075752981,0.029294798756667136
31738490646508,8140678.1912197275,3200.0323953328757,1600.0161976664378,8,3978,0.03930916221186986,1.3333333333333333,663.0,1600.0161976664378,0.01965458110593493
31810002298333,4143899.532279276,7564.529603231868,3782.264801615934,16,2080,0.18254616320466482,2.6666666666666665,346.6666666666667,3782.264801615934,0.09127308160233241
32153928008072,3775763.814565339,1400.294780927835,700.1473904639175,4,1764,0.03708639760585859,0.6666666666666666,294.0,700.1473904639175,0.018543198802929296
32264567735137,8115668.708813192,7992.668318368252,3996.334159184126,15,3597,0.09848440843437377,2.5,599.5,3996.334159184126,0.049242204217186884
33309805818215,7318654.57881313,1593.4860733263333,796.7430366631667,3,3550,0.021772937309260876,0.5,591.6666666666666,796.7430366631667,0.010886468654630438
33352820358490,6739757.774433876,69070.44904928951,34535.22452464476,231,8500,1.0248209410625482,38.5,1416.6666666666667,34535.22452464476,0.5124104705312741
34709806412980,4124497.6283612545,2499.784621993127,1249.8923109965635,5,1960,0.060608220618285136,0.8333333333333334,326.6666666666667,1249.8923109965635,0.030304110309142568
35154101197518,16287127.391045168,8488.137581914423,4244.068790957212,17,8228,0.05211562099392242,2.8333333333333335,1371.3333333333333,4244.068790957212,0.02605781049696121
35228693326474,3868198.308360787,7469.915940288263,3734.9579701441317,16,1832,0.19311098720411168,2.6666666666666665,305.3333333333333,3734.9579701441317,0.09655549360205584
36440233808457,15532131.750164608,5798.586384223985,2899.2931921119925,12,7248,0.03733284315053877,2.0,1208.0,2899.2931921119925,0.018666421575269387
36630430991892,8021522.860298977,3975.705595177703,1987.8527975888514,8,4018,0.04956297780879877,1.3333333333333333,669.6666666666666,1987.8527975888514,0.024781488904399386
37280196349358,4088274.484916134,6970.269439126299,3485.1347195631497,16,2076,0.17049416483270413,2.6666666666666665,346.0,3485.1347195631497,0.08524708241635207
37445103896302,6113407.839565234,158712.2116132402,79356.1058066201,504,6304,2.59613321699354,84.0,1050.6666666666667,79356.1058066201,1.29806660849677
37611634321396,12305408.164321817,153863.1661401021,76931.58307005106,586,30336,1.2503702769178475,97.66666666666667,5056.0,76931.58307005106,0.6251851384589238
38512807296879,15226089.636676362,20637.144638724978,10318.572319362489,50,7174,0.13553804772707073,8.333333333333334,1195.6666666666667,10318.572319362489,0.06776902386353537
38602675650074,3979065.00957078,19799.50633124699,9899.753165623495,48,1842,0.49759192884819825,8.0,307.0,9899.753165623495,0.24879596442409913
38984646323185,7972355.986778846,1780.728737113402,890.364368556701,3,3799,0.022336292308904892,0.5,633.1666666666666,890.364368556701,0.011168146154452446
39253819822494,4048046.6527020074,1385.0527614138439,692.5263807069219,4,1951,0.034215335944543596,0.6666666666666666,325.1666666666667,692.5263807069219,0.017107667972271798
39638343415869,16738748.119493013,117734.40164424623,58867.200822123115,243,8508,0.7033644380318939,40.5,1418.0,58867.200822123115,0.35168221901594693
40790250925951,8401853.25053517,8778.72928186454,4389.36464093227,16,4132,0.10448562977823214,2.6666666666666665,688.6666666666666,4389.36464093227,0.05224281488911607
41031149357497,16441967.132369375,1970.9614336090467,985.4807168045234,4,7971,0.01198738215288611,0.6666666666666666,1328.5,985.4807168045234,0.005993691076443055
41474934034878,4175418.9637038587,16898.4570120259,8449.22850601295,38,2038,0.4047128481937034,6.333333333333333,339.6666666666667,8449.22850601295,0.2023564240968517
41680801223685,7772842.470447712,1429.4707591377696,714.7353795688848,3,3526,0.01839057930959757,0.5,587.6666666666666,714.7353795688848,0.009195289654798785
42267913921260,3792136.0945961634,1830.3048303622772,915.1524151811386,4,1788,0.04826580019030652,0.6666666666666666,298.0,915.1524151811386,0.02413290009515326
43663093839776,8456494.860233257,106816.45600047048,53408.22800023524,395,15828,1.2631292014706452,65.83333333333333,2638.0,53408.22800023524,0.6315646007353226
44895165754023,15898808.309433542,14830.869685561252,7415.434842780626,38,7986,0.09328290144086693,6.333333333333333,1331.0,7415.434842780626,0.046641450720433464
45085383101641,15362182.071610924,7097.491660274268,3548.745830137134,16,7240,0.046201064583073284,2.6666666666666665,1206.6666666666667,3548.745830137134,0.023100532291536642
45293811679196,6308509.7414279,328971.8853475978,164485.9426737989,1020,6904,5.214732144855762,170.0,1150.6666666666667,164485.9426737989,2.607366072427881
45402284997495,15325904.14633884,2355.162165206508,1177.581082603254,5,7144,0.015367198846595459,0.8333333333333334,1190.6666666666667,1177.581082603254,0.0076835994232977295
45855550040191,3861633.7422996135,6581.312624876077,3290.6563124380386,15,1832,0.1704281934556768,2.5,305.3333333333333,3290.6563124380386,0.0852140967278384
46733723803380,15895520.601470439,1091.605240549828,545.802620274914,3,7015,0.006867376463585895,0.5,1169.1666666666667,545.802620274914,0.0034336882317929475
46836613236395,3931630.5271123736,8960.133115380428,4480.066557690214,21,1795,0.22789865562370862,3.5,299.1666666666667,4480.066557690214,0.11394932781185431
47901710600990,4051074.5468395734,9398.3551756212,4699.1775878106,25,1975,0.23199659909870782,4.166666666666667,329.1666666666667,4699.1775878106,0.11599829954935391
48715765064171,7690395.012358982,5096.235492012522,2548.117746006261,13,3632,0.06626753871319391,2.1666666666666665,605.3333333333334,2548.117746006261,0.033133769356596954
49355659834404,8179808.825938417,6082.575224620952,3041.287612310476,12,4088,0.07436084820629213,2.0,681.3333333333334,3041.287612310476,0.037180424103146065
49554688839358,8055142.94961555,9919.637824312715,4959.818912156357,26,3825,0.12314663918889424,4.333333333333333,637.5,4959.818912156357,0.06157331959444712
49678039521635,7796096.014001998,1336.192063027179,668.0960315135895,3,3531,0.017139245856225248,0.5,588.5,668.0960315135895,0.008569622928112624
49745290522560,7834545.715847839,10527.130486008837,5263.565243004418,25,3536,0.13436810336959804,4.166666666666667,589.3333333333334,5263.565243004418,0.06718405168479902
49987772317700,15205908.284882499,17445.287060490395,8722.643530245197,34,7150,0.11472703066237915,5.666666666666667,1191.6666666666667,8722.643530245197,0.05736351533118957
50025213645758,7973434.683288792,2719.223888214279,1359.6119441071396,6,3958,0.034103545037038975,1.0,659.6666666666666,1359.6119441071396,0.017051772518519488
50065568354105,15554264.713344561,7178.87314218213,3589.436571091065,15,7020,0.04615372873282218,2.5,1170.0,3589.436571091065,0.02307686436641109
50071244191685,7418261.954391142,2392.6467970716085,1196.3233985358042,7,3572,0.03225346869363804,1.1666666666666667,595.3333333333334,1196.3233985358042,0.01612673434681902
50319533969777,5616608.166665251,101489.9825646902,50744.9912823451,280,4218,1.8069621300456116,46.666666666666664,703.0,50744.9912823451,0.9034810650228058
50528516710837,15548181.270374864,5052.06885713299,2526.034428566495,12,7176,0.03249298917526182,2.0,1196.0,2526.034428566495,0.01624649458763091
51043793070789,7870041.9695459325,2984.91722145962,1492.45861072981,6,3960,0.03792758962417372,1.0,660.0,1492.45861072981,0.01896379481208686
52840030343649,4030291.3300302764,1292.600225515464,646.300112757732,3,1949,0.032072128778485934,0.5,324.8333333333333,646.300112757732,0.016036064389242967
53232939796581,3824180.1877628383,2718.6179659147515,1359.3089829573757,8,1796,0.07109021626685312,1.3333333333333333,299.3333333333333,1359.3089829573757,0.03554510813342656
53512654935447,15889431.416071234,10476.668361008557,5238.334180504278,26,7037,0.06593482225180203,4.333333333333333,1172.8333333333333,5238.334180504278,0.032967411125901014
53606254826829,3734766.507029827,1312.586414338765,656.2932071693825,3,1753,0.035145072974927,0.5,292.1666666666667,656.2932071693825,0.0175725364874635
53863407622556,3779595.719200603,2460.913829787234,1230.456914893617,6,1964,0.06511050420778139,1.0,327.3333333333333,1230.456914893617,0.032555252103890694
54233701240846,16662637.27178644,7560.106659521673,3780.0533297608363,16,10060,0.04537160916491064,2.6666666666666665,1676.6666666666667,3780.0533297608363,0.02268580458245532
54599849969130,15402078.811061835,10047.795367486171,5023.8976837430855,21,7259,0.06523661832109184,3.5,1209.8333333333333,5023.8976837430855,0.03261830916054592
55530827477617,15566615.612634668,1012.5424153166422,506.2712076583211,3,7542,0.0065045764635879525,0.5,1257.0,506.2712076583211,0.0032522882317939763
55640367274726,5962885.469315403,93007.90356635877,46503.951783179386,260,3836,1.5597801441092745,43.333333333333336,639.3333333333334,46503.951783179386,0.7798900720546372
55715457781581,4096946.9944365923,5602.397798539519,2801.1988992697593,13,1962,0.13674567442896474,2.1666666666666665,327.0,2801.1988992697593,0.06837283721448237
55796756251491,16222603.62496214,28759.060853351635,14379.530426675818,57,8122,0.1772777139737257,9.5,1353.6666666666667,14379.530426675818,0.08863885698686284
57650296217480,8167095.853630208,1661.6337843642611,830.8168921821306,4,3905,0.02034546690946058,0.6666666666666666,650.8333333333334,830.8168921821306,0.01017273345473029
57956674462928,8029053.115427325,4825.962108485582,2412.981054242791,12,4120,0.06010624215715794,2.0,686.6666666666666,2412.981054242791,0.03005312107857897
58433114066894,8176200.290490101,1653.7924291237114,826.8962145618557,3,3922,0.020226907002844213,0.5,653.6666666666666,826.8962145618557,0.010113453501422107
58575412272137,8196565.94121268,8918.781718285289,4459.390859142644,16,4112,0.10881119949808829,2.6666666666666665,685.3333333333334,4459.390859142644,0.054405599749044145
58621497011714,4054014.164630178,15064.049359072858,7532.024679536429,38,2028,0.37158354034628926,6.333333333333333,338.0,7532.024679536429,0.18579177017314463
58743695939281,16064017.818459509,7895.669723175475,3947.8348615877376,16,8196,0.04915127592863096,2.6666666666666665,1366.0,3947.8348615877376,0.02457563796431548
58887925703090,4105310.6768814414,1059.3287319478882,529.6643659739441,3,1950,0.025803862735976825,0.5,325.0,529.6643659739441,0.012901931367988412
59428617181294,8030870.722737013,10278.20404947333,5139.102024736665,26,3593,0.127983682023092,4.333333333333333,598.8333333333334,5139.102024736665,0.063991841011546
59783520242669,15442629.343381187,4764.900372340426,2382.450186170213,12,7248,0.03085549919245257,2.0,1208.0,2382.450186170213,0.015427749596226285
59998211023279,16051633.921896543,1049.4754065414825,524.7377032707412,3,7840,0.0065381219858861835,0.5,1306.6666666666667,524.7377032707412,0.0032690609929430917
60281059510701,8342312.373699893,108291.566107453,54145.7830537265,409,16158,1.2981001100948308,68.16666666666667,2693.0,54145.7830537265,0.6490500550474154
60593168283883,16322904.437242746,5684.024506346689,2842.0122531733446,12,8160,0.03482238426500787,2.0,1360.0,2842.0122531733446,0.017411192132503934
61142245450611,7563586.265506536,5019.651036163296,2509.825518081648,10,3572,0.06636601818181456,1.6666666666666667,595.3333333333334,2509.825518081648,0.03318300909090728
61330628283480,8948437.557473443,392011.0389734817,196005.51948674084,1431,17512,4.380776380856419,238.5,2918.6666666666665,196005.51948674084,2.1903881904282096
62007486250006,8261146.156614862,55863.48043903771,27931.740219518855,215,15316,0.6762194903706761,35.833333333333336,2552.6666666666665,27931.740219518855,0.33810974518533804
62504647031457,8069556.514259662,8340.398650486826,4170.199325243413,22,3969,0.1033563447476768,3.6666666666666665,661.5,4170.199325243413,0.0516781723738384
62954215765614,4112077.336346701,3993.7529218550835,1996.8764609275418,8,2006,0.09712251485530814,1.3333333333333333,334.3333333333333,1996.8764609275418,0.04856125742765407
63071045446593,5937224.540921921,70319.51476866762,35159.75738433381,230,5884,1.1843836170250106,38.333333333333336,980.6666666666666,35159.75738433381,0.5921918085125053
64026578427148,4122856.2373915385,8791.551690325929,4395.775845162964,19,2068,0.21323934631997243,3.1666666666666665,344.6666666666667,4395.775845162964,0.10661967315998622
64451654751838,16379854.310981227,21988.97321068847,10994.486605344235,46,7849,0.13424400970371778,7.666666666666667,1308.1666666666667,10994.486605344235,0.06712200485185889
65070338338114,15842246.409493418,5243.61911461908,2621.80955730954,9,7946,0.03309896197219138,1.5,1324.3333333333333,2621.80955730954,0.01654948098609569
66048555673701,8331123.504966196,96919.37879512462,48459.68939756231,362,15456,1.1633410396250976,60.333333333333336,2576.0,48459.68939756231,0.5816705198125488
66119856206673,4090026.2404759675,2121.226195378632,1060.613097689316,6,1998,0.05186338841512613,1.0,333.0,1060.613097689316,0.025931694207563066
66358237469570,3923593.4179736744,4276.759008236102,2138.379504118051,8,1826,0.10900107510234379,1.3333333333333333,304.3333333333333,2138.379504118051,0.054500537551171895
66358941620052,4047565.083007972,5609.276018548827,2804.6380092744134,12,2056,0.1385839610608623,2.0,342.6666666666667,2804.6380092744134,0.06929198053043115
66402078859876,8014083.696046495,2736.777474413027,1368.3887372065135,7,3944,0.03414959935797941,1.1666666666666667,657.3333333333334,1368.3887372065135,0.017074799678989706
67739519397197,8719595.022639785,40467.34076691546,20233.67038345773,100,5188,0.4640965625335236,16.666666666666668,864.6666666666666,20233.67038345773,0.2320482812667618
68022519158922,3830979.7411861806,9057.102859290624,4528.551429645312,23,1822,0.23641740419348412,3.8333333333333335,303.6666666666667,4528.551429645312,0.11820870209674206
68245449095645,15307566.900881859,3004.713831458104,1502.356915729052,6,7170,0.019628944631853964,1.0,1195.0,1502.356915729052,0.009814472315926982
68647661707143,15035831.4955159,7075.601635781286,3537.800817890643,14,7050,0.04705826636785219,2.3333333333333335,1175.0,3537.800817890643,0.023529133183926094
68691726857641,7761167.780028714,5249.439132921528,2624.719566460764,12,3632,0.0676372329745216,2.0,605.3333333333334,2624.719566460764,0.0338186164872608
68784671471373,4022161.368919153,1374.622026536846,687.311013268423,3,1786,0.03417620280377359,0.5,297.6666666666667,687.311013268423,0.017088101401886796
69447973367597,7611916.202948028,11821.951930908259,5910.975965454129,22,3636,0.15530848758331997,3.6666666666666665,606.0,5910.975965454129,0.07765424379165999
69610423824556,16486441.689583933,42013.21442532073,21006.607212660365,108,8288,0.2548349438670232,18.0,1381.3333333333333,21006.607212660365,0.1274174719335116
70158740633382,3862844.8931136196,3606.006414150712,1803.003207075356,9,1966,0.09335105379403716,1.5,327.6666666666667,1803.003207075356,0.04667552689701858
70770082151215,16296446.205768429,15970.09581041657,7985.047905208285,32,7992,0.09799741372302176,5.333333333333333,1332.0,7985.047905208285,0.04899870686151088
70911837212537,3892379.832107451,8707.346888583848,4353.673444291924,18,1804,0.2237023945288872,3.0,300.6666666666667,4353.673444291924,0.1118511972644436
72022131721836,8129241.5182555,7129.2399613223915,3564.6199806611958,16,4160,0.08769871020946485,2.6666666666666665,693.3333333333334,3564.6199806611958,0.043849355104732424
72356763042544,15098807.695173109,13803.432181001577,6901.716090500789,24,7252,0.09142067678240814,4.0,1208.6666666666667,6901.716090500789,0.04571033839120407
72961028064979,4043450.4983709976,1283.7709938108028,641.8854969054014,4,1890,0.03174939310690217,0.6666666666666666,315.0,641.8854969054014,0.015874696553451084
73093598781980,16722326.336097766,7813.242743841989,3906.6213719209945,16,8336,0.04672341985681668,2.6666666666666665,1389.3333333333333,3906.6213719209945,0.02336170992840834
73628814348226,16493757.714455929,1882.4461246200608,941.2230623100304,4,7980,0.011413082192726728,0.6666666666666666,1330.0,941.2230623100304,0.005706541096363364
73724961670232,7819378.788606727,14992.818725692061,7496.4093628460305,28,3594,0.19173925616108325,4.666666666666667,599.0,7496.4093628460305,0.09586962808054163
73863839880643,7847027.506271455,1371.2867353951888,685.6433676975944,3,3497,0.017475238035029657,0.5,582.8333333333334,685.6433676975944,0.008737619017514828
73949002407307,8271808.109815096,59525.62203338744,29762.81101669372,227,15230,0.719620441421459,37.833333333333336,2538.3333333333335,29762.81101669372,0.3598102207107295
74012495208562,7895917.543536757,2273.286125429553,1136.6430627147765,4,3809,0.0287906517880289,0.6666666666666666,634.8333333333334,1136.6430627147765,0.01439532589401445
74176342429884,15406301.628979145,5875.956320042744,2937.978160021372,12,7240,0.038139953777031804,2.0,1206.6666666666667,2937.978160021372,0.019069976888515902
74588619677508,16192648.626018923,2000.728599812997,1000.3642999064984,4,7950,0.012355783454710154,0.6666666666666666,1325.0,1000.3642999064984,0.006177891727355077
74679037118572,4038861.8678506063,4062.4031800503317,2031.2015900251658,8,1994,0.10058286995123836,1.3333333333333333,332.3333333333333,2031.2015900251658,0.05029143497561918
75819090570454,3887311.4790939083,3178.883337020976,1589.441668510488,8,1820,0.08177588428704818,1.3333333333333333,303.3333333333333,1589.441668510488,0.04088794214352409
75828437824351,7700386.383175993,3866.3432080230855,1933.1716040115427,10,3628,0.05020972994901105,1.6666666666666667,604.6666666666666,1933.1716040115427,0.025104864974505526
75894425702902,5653939.692945511,98731.9707164088,49365.9853582044,228,4046,1.7462508636163536,38.0,674.3333333333334,49365.9853582044,0.8731254318081768
76236792670103,16717677.059849028,164552.41143532735,82276.20571766367,332,8532,0.9843018910236885,55.333333333333336,1422.0,82276.20571766367,0.49215094551184424
76524255503726,5852361.372576445,82997.53154230224,41498.76577115112,269,5918,1.4181887661828267,44.833333333333336,986.3333333333334,41498.76577115112,0.7090943830914134
77071588020014,15924804.644409882,38774.862549948055,19387.431274974027,65,7636,0.24348721014646343,10.833333333333334,1272.6666666666667,19387.431274974027,0.12174360507323172
77145241434456,3865024.8109007403,4558.109064399947,2279.0545321999734,9,1775,0.11793220709850202,1.5,295.8333333333333,2279.0545321999734,0.05896610354925101
77222400365329,15869560.829335313,150541.10523594223,75270.55261797112,319,7632,0.9486154459779562,53.166666666666664,1272.0,75270.55261797112,0.4743077229889781
77698535574997,8091770.688772479,2941.7033083664073,1470.8516541832037,6,3988,0.03635425942616107,1.0,664.6666666666666,1470.8516541832037,0.018177129713080536
79153689358323,7667060.279028717,3347.527011827782,1673.763505913891,10,3580,0.04366115421035734,1.6666666666666667,596.6666666666666,1673.763505913891,0.02183057710517867
80028654437123,7740992.2695942,19603.928151452757,9801.964075726379,46,3614,0.2532482589920018,7.666666666666667,602.3333333333334,9801.964075726379,0.1266241294960009
80384695883841,7639651.868703714,9479.523243712902,4739.761621856451,26,3906,0.12408318345691026,4.333333333333333,651.0,4739.761621856451,0.06204159172845513
80566435996391,16619517.633514233,6359.938741488055,3179.9693707440274,13,8216,0.038267890090040065,2.1666666666666665,1369.3333333333333,3179.9693707440274,0.019133945045020032
80873534651966,8182665.805386774,16474.345183159057,8237.172591579529,40,4004,0.2013322500879083,6.666666666666667,667.3333333333334,8237.172591579529,0.10066612504395415
81408287863507,3990347.7203548625,8123.897244753644,4061.948622376822,18,1840,0.2035887048969052,3.0,306.6666666666667,4061.948622376822,0.1017943524484526
81798055158941,8213001.010897598,11924.309019675131,5962.1545098375655,24,4572,0.14518820835225887,4.0,762.0,5962.1545098375655,0.07259410417612944
82397825020533,5545270.836978491,81702.11355173081,40851.05677586541,235,4174,1.4733656110518973,39.166666666666664,695.6666666666666,40851.05677586541,0.7366828055259487
82412012516277,8675803.53571924,132225.7497088411,66112.87485442054,497,16628,1.524074965096352,82.83333333333333,2771.3333333333335,66112.87485442054,0.762037482548176
82477479783409,8042279.668885243,6813.887021861519,3406.9435109307597,17,3913,0.08472581534591182,2.8333333333333335,652.1666666666666,3406.9435109307597,0.04236290767295591
83096989064089,3898259.3826003573,11543.33000811037,5771.665004055185,20,1844,0.2961149804354558,3.3333333333333335,307.3333333333333,5771.665004055185,0.1480574902177279
83134202733009,3855874.8594906507,8271.538887430226,4135.769443715113,17,1832,0.2145178251070853,2.8333333333333335,305.3333333333333,4135.769443715113,0.10725891255354265
83417139332506,8032668.1340203285,6362.973599372487,3181.4867996862436,12,4052,0.07921369952312267,2.0,675.3333333333334,3181.4867996862436,0.039606849761561334
85553143930711,15275337.899178492,7754.586451378923,3877.2932256894615,16,7228,0.050765400428857056,2.6666666666666665,1204.6666666666667,3877.2932256894615,0.025382700214428528
85792424748520,15355786.432048839,18820.92694411514,9410.46347205757,48,7178,0.12256569878332157,8.0,1196.3333333333333,9410.46347205757,0.06128284939166079
85887143519724,7744403.764248207,2806.558179281479,1403.2790896407396,6,3594,0.03623982251852448,1.0,599.0,1403.2790896407396,0.01811991125926224
85943381391691,3883952.561732755,5728.236844298461,2864.1184221492304,16,1832,0.1474847273042622,2.6666666666666665,305.3333333333333,2864.1184221492304,0.0737423636521311
86075318751947,16131087.58683155,8251.14846768218,4125.57423384109,12,7978,0.05115060235875182,2.0,1329.6666666666667,4125.57423384109,0.02557530117937591
86329476612531,16313555.529684814,11596.182566420975,5798.091283210488,24,8204,0.0710831096588361,4.0,1367.3333333333333,5798.091283210488,0.03554155482941805
86500768376626,3886861.9280211553,1019.1604907797299,509.58024538986496,3,1947,0.026220650737099782,0.5,324.5,509.58024538986496,0.013110325368549891
87910236503621,15548650.001083689,10488.004853649389,5244.002426824694,25,7123,0.06745283257979574,4.166666666666667,1187.1666666666667,5244.002426824694,0.03372641628989787
88305723956819,15533322.21501816,76717.16164570379,38358.580822851894,150,7372,0.4938876602426424,25.0,1228.6666666666667,38358.580822851894,0.2469438301213212
88564338952222,8146703.746844249,11093.993087669165,5546.996543834583,20,4108,0.13617769140023772,3.3333333333333335,684.6666666666666,5546.996543834583,0.06808884570011886
88636134708953,7719513.566331149,983.7971940967109,491.89859704835544,3,3879,0.012744289982047144,0.5,646.5,491.89859704835544,0.006372144991023572
89087268150764,7946372.376394608,3139.510677381225,1569.7553386906125,7,3968,0.03950872836902805,1.1666666666666667,661.3333333333334,1569.7553386906125,0.019754364184514026
89181637392039,15706141.546553543,3623.4999014483574,1811.7499507241787,8,7200,0.023070592422131046,1.3333333333333333,1200.0,1811.7499507241787,0.011535296211065523
89292243557115,15129474.557249727,1953.746323024055,976.8731615120275,4,7086,0.012913510747720323,0.6666666666666666,1181.0,976.8731615120275,0.006456755373860161
89737677546333,8030144.274183823,2192.254870785734,1096.127435392867,5,3565,0.027300317353371004,0.8333333333333334,594.1666666666666,1096.127435392867,0.013650158676685502
89787814494717,7695014.736846195,475307.10492471646,237653.55246235823,1040,4584,6.176818644008488,173.33333333333334,764.0,237653.55246235823,3.088409322004244
90387577631934,8212746.350644316,5286.009097758945,2643.0045488794726,12,4116,0.06436347686963742,2.0,686.0,2643.0045488794726,0.03218173843481871
90745352375672,3813352.132888251,7613.673577920593,3806.8367889602964,14,1828,0.19965828784224973,2.3333333333333335,304.6666666666667,3806.8367889602964,0.09982914392112487
90923892599536,3857424.6214169003,2784.4341101994432,1392.2170550997216,5,1745,0.07218375946324186,0.8333333333333334,290.8333333333333,1392.2170550997216,0.03609187973162093
90993771451923,3947734.351239812,1375.3167310996562,687.6583655498281,3,1949,0.034838127612809834,0.5,324.8333333333333,687.6583655498281,0.017419063806404917
91230464129099,7905843.765218603,18870.21994446871,9435.109972234355,48,3616,0.23868698275429343,8.0,602.6666666666666,9435.109972234355,0.11934349137714671
91261007510318,8331226.481630753,2530.6266160593796,1265.3133080296898,5,3861,0.030375198917459212,0.8333333333333334,643.5,1265.3133080296898,0.015187599458729606
91522851123070,15740687.017573012,4990.647067168566,2495.323533584283,9,7745,0.031705395460801505,1.5,1290.8333333333333,2495.323533584283,0.015852697730400753
92093132796191,3981857.3753886335,1898.8458450484225,949.4229225242112,5,1946,0.04768743995666327,0.8333333333333334,324.3333333333333,949.4229225242112,0.023843719978331634
